{"cameraMode":{"drawMode":0,"name":"Shaded","section":"Shading Mode"},"sceneLighting":false,"audioPlay":false,"sceneViewState":{"m_AlwaysRefresh":false,"showFog":false,"showSkybox":false,"showFlares":true,"showImageEffects":true,"showParticleSystems":true,"showVisualEffectGraphs":true,"m_FxEnabled":true},"in2DMode":false,"pivot":{"x":0.01295386254787445,"y":0.050385914742946628,"z":0.2861999571323395},"rotation":{"x":0.28560012578964236,"y":-0.6059207320213318,"z":0.24716468155384065,"w":0.7001530528068543},"size":0.2908899486064911,"orthographic":false}