{"cameraMode":{"drawMode":0,"name":"Shaded","section":"Shading Mode"},"sceneLighting":true,"audioPlay":false,"sceneViewState":{"m_AlwaysRefresh":false,"showFog":false,"showSkybox":true,"showFlares":true,"showImageEffects":true,"showParticleSystems":true,"showVisualEffectGraphs":true,"m_FxEnabled":true},"in2DMode":false,"pivot":{"x":8.135031700134278,"y":1.4920024871826172,"z":14.273209571838379},"rotation":{"x":0.3258132338523865,"y":0.1927890181541443,"z":-0.06804419308900833,"w":0.9230847358703613},"size":0.17267218232154847,"orthographic":false}