{"cameraMode":{"drawMode":0,"name":"Shaded","section":"Shading Mode"},"sceneLighting":true,"audioPlay":false,"sceneViewState":{"m_AlwaysRefresh":false,"showFog":false,"showSkybox":false,"showFlares":true,"showImageEffects":true,"showParticleSystems":true,"showVisualEffectGraphs":true,"m_FxEnabled":true},"in2DMode":false,"pivot":{"x":-0.0011312365531921387,"y":0.09975641965866089,"z":0.6369765996932983},"rotation":{"x":-0.04889227822422981,"y":-0.7343193292617798,"z":0.05319034308195114,"w":-0.6749796271324158},"size":0.6487519145011902,"orthographic":false}